avg_gpm,avg_level,avg_K,avg_D,avg_A,avg_xpm,avg_hero_damage,avg_tower_damage,win_rate,pick_rate,league,hero,pick,ban
535.7692307692307,20.884615384615383,8.653846153846153,2.730769230769231,5.576923076923077,580.1538461538462,11679.038461538461,3987.269230769231,0.6153846153846154,0.030952380952380953,1,1,26,0
211.2,13.56,2.8,5.2,12.76,252.68,6606.68,542.28,0.56,0.02976190476190476,1,5,25,0
396.5,15,3.875,3.875,3.875,410.25,6905.625,2266.5,0.375,0.009523809523809525,1,6,8,0
191.89743589743588,13.179487179487179,2.4358974358974357,4.9743589743589745,11.692307692307692,227.28205128205127,7718.307692307692,240.87179487179486,0.5384615384615384,0.04642857142857143,1,7,39,0
379.8863636363636,18.5,6.681818181818182,3.8636363636363638,8.068181818181818,426.52272727272725,11518.34090909091,2434.431818181818,0.6363636363636364,0.05238095238095238,1,9,44,0
449.85714285714283,19.428571428571427,7.142857142857143,4,5,473,13588.42857142857,3151.5714285714284,0.42857142857142855,0.008333333333333333,1,10,7,0
226.25,15.75,2.25,5,2.75,280.5,4473,286.25,0.25,0.004761904761904762,1,11,4,0
305.5416666666667,16.291666666666668,4.75,4.833333333333333,9.166666666666666,355.5416666666667,10028,593.875,0.375,0.02857142857142857,1,13,24,0
304.7142857142857,15.714285714285714,8.285714285714286,4.428571428571429,11.571428571428571,371.85714285714283,11451.142857142857,937.7142857142857,0.7142857142857143,0.008333333333333333,1,14,7,0
323.6,15.6,7,3.2,7.6,341.4,13870.4,1194,0.6,0.005952380952380952,1,15,5,0
223.8125,16.125,4.125,4.875,10.5,291.875,7954.0625,499,0.625,0.01904761904761905,1,16,16,0
384.6923076923077,18.615384615384617,7.461538461538462,4.153846153846154,9.923076923076923,478.15384615384613,11934.923076923076,1125.5384615384614,0.5384615384615384,0.015476190476190477,1,17,13,0
189.8095238095238,13.142857142857142,2.4285714285714284,6.285714285714286,7.714285714285714,230.14285714285714,5522.761904761905,601.8571428571429,0.23809523809523808,0.025,1,18,21,0
289.6,14.4,6,4.8,8.4,279.6,9603,1345.6,0.6,0.005952380952380952,1,19,5,0
153.875,11.770833333333334,1.75,7.6875,9.583333333333334,191.29166666666666,4952.979166666667,245.22916666666666,0.2916666666666667,0.05714285714285714,1,20,48,0
303.7142857142857,16.285714285714285,4.061224489795919,4.142857142857143,8.408163265306122,348.7142857142857,8778.897959183674,1165.469387755102,0.4897959183673469,0.058333333333333334,1,21,49,0
200,14,3,5.5,6,348,17376.5,17,0,0.002380952380952381,1,22,2,0
206.33333333333334,13.222222222222221,3.7777777777777777,5.555555555555555,11.88888888888889,225.33333333333334,7201.111111111111,389.1111111111111,0.5555555555555556,0.010714285714285714,1,25,9,0
207.94444444444446,14.944444444444445,4.166666666666667,5.555555555555555,9.444444444444445,267.6111111111111,6488.833333333333,469.94444444444446,0.4444444444444444,0.02142857142857143,1,26,18,0
334.72727272727275,16.272727272727273,4.636363636363637,5,10.454545454545455,341.45454545454544,11118.636363636364,2157.181818181818,0.5454545454545454,0.013095238095238096,1,27,11,0
333.44444444444446,18,4.444444444444445,4.222222222222222,10.11111111111111,424.8888888888889,6806.166666666667,1040.5,0.6111111111111112,0.02142857142857143,1,28,18,0
208.78787878787878,14.303030303030303,3.727272727272727,5.363636363636363,13.575757575757576,273.030303030303,7637.666666666667,367.969696969697,0.45454545454545453,0.039285714285714285,1,29,33,0
210.1875,13.3125,3.25,4.5625,10.5625,262.1875,6457.6875,716.3125,0.5,0.01904761904761905,1,30,16,0
209.54545454545453,14.878787878787879,3.8181818181818183,3.9393939393939394,10.06060606060606,274.3636363636364,8937,573.8484848484849,0.6060606060606061,0.039285714285714285,1,31,33,0
466,19,6,2,5,491,8182,3815,1,0.0011904761904761906,1,32,1,0
332.2352941176471,16.41176470588235,3.5294117647058822,5.0588235294117645,12.941176470588236,344.5882352941176,7949.882352941177,1872.235294117647,0.6470588235294118,0.02023809523809524,1,33,17,0
339.2857142857143,19.714285714285715,7.857142857142857,5.571428571428571,9.428571428571429,439.57142857142856,20968.14285714286,359.14285714285717,0.42857142857142855,0.008333333333333333,1,34,7,0
382,19.333333333333332,13.666666666666666,5.666666666666667,5.333333333333333,434.3333333333333,11250.666666666666,2502.3333333333335,0.3333333333333333,0.0035714285714285713,1,35,3,0
324.375,16.5,3.5,6.25,8.5,345,9134.375,737.375,0.375,0.009523809523809525,1,36,8,0
317.9714285714286,17.085714285714285,3.3714285714285714,4.2,13.228571428571428,375.62857142857143,8343.228571428572,989,0.6285714285714286,0.041666666666666664,1,38,35,0
260.4193548387097,14.258064516129032,2.4193548387096775,5.67741935483871,10.903225806451612,277.5483870967742,10707,843,0.3870967741935484,0.036904761904761905,1,40,31,0
401.15384615384613,20.307692307692307,6.384615384615385,3.1538461538461537,8.76923076923077,426.7692307692308,9859,2881.3846153846152,0.6923076923076923,0.015476190476190477,1,41,13,0
333.375,17.375,4.25,5.625,10.375,367.625,14573.125,1951.125,0.375,0.009523809523809525,1,45,8,0
413,18,11.875,5,9.25,476.375,14722,1852.875,0.625,0.009523809523809525,1,47,8,0
189,11.6,1.6,5.8,5.4,222.8,3136,399.6,0.4,0.005952380952380952,1,50,5,0
234.43478260869566,14.869565217391305,4.434782608695652,5.173913043478261,10.73913043478261,276.82608695652175,13803.434782608696,317.7391304347826,0.34782608695652173,0.02738095238095238,1,51,23,0
268.4,13.8,4.1,6,8.8,265.7,10944.4,1710.9,0.5,0.011904761904761904,1,52,10,0
449.0869565217391,18.869565217391305,4.6521739130434785,4.695652173913044,13.08695652173913,469.8695652173913,12434.608695652174,2382.217391304348,0.6086956521739131,0.02738095238095238,1,53,23,0
251,13.8,1.8,4.6,9.6,293,9022,267.8,0.2,0.005952380952380952,1,55,5,0
243,15.714285714285714,7.571428571428571,4.571428571428571,9.857142857142858,282.57142857142856,8987.714285714286,910,0.5714285714285714,0.008333333333333333,1,58,7,0
326.8,16.8,7.08,4.44,9.28,395.28,9939.56,1302.12,0.48,0.02976190476190476,1,60,25,0
453.2413793103448,20.413793103448278,7.517241379310345,3.4827586206896552,8.517241379310345,514.5172413793103,15964.689655172413,2180.0344827586205,0.4482758620689655,0.034523809523809526,1,63,29,0
237.79166666666666,13.458333333333334,2.3333333333333335,3.8333333333333335,9.333333333333334,261.25,4320,1352.8333333333333,0.625,0.02857142857142857,1,66,24,0
442.6875,20.1875,9.0625,4.5625,13.125,514.4375,21396.5625,1428.9375,0.4375,0.01904761904761905,1,67,16,0
240.25641025641025,15.35897435897436,5.3076923076923075,3.8461538461538463,11.76923076923077,305.12820512820514,8683.28205128205,791.7179487179487,0.6153846153846154,0.04642857142857143,1,68,39,0
359.6818181818182,17.772727272727273,4.318181818181818,4.590909090909091,7.454545454545454,373.22727272727275,9387.681818181818,819.6818181818181,0.2727272727272727,0.02619047619047619,1,69,22,0
574.5,20.576923076923077,7.269230769230769,1.6923076923076923,5.230769230769231,666.1153846153846,10026.038461538461,2785.730769230769,0.6153846153846154,0.026,2,1,26,0
258,19,8,10,19,340,10337,185,1,0.001,2,2,1,0
249,14,4,4,16,359,6269,483,1,0.001,2,3,1,0
180.36363636363637,10.181818181818182,1.5454545454545454,3.727272727272727,8.454545454545455,206.1818181818182,4419.818181818182,220.72727272727272,0.5454545454545454,0.011,2,5,11,0
181,13,3,7,6,199,3401,106,1,0.001,2,7,1,0
365.6,17.6,3.4,3.6,7.4,433.6,7169.2,704,0.4,0.005,2,8,5,0
277.3333333333333,14.333333333333334,4.333333333333333,2.3333333333333335,8,329.3333333333333,6172.666666666667,728.3333333333334,0.3333333333333333,0.003,2,9,3,0
491.7959183673469,18.551020408163264,7.183673469387755,2.142857142857143,5.73469387755102,535.0408163265306,11066.918367346938,2357.612244897959,0.5510204081632653,0.049,2,10,49,0
496,21,7,3,3,569,15777,1412,0,0.001,2,11,1,0
361.85714285714283,16.857142857142858,5.571428571428571,2.857142857142857,8.857142857142858,450.7142857142857,9620,500.42857142857144,0.7142857142857143,0.007,2,13,7,0
283.8,13.8,6.2,5.6,9,375.6,9619.4,262.8,0.4,0.005,2,14,5,0
270.9375,13.53125,3.15625,4.5,8.84375,332.0625,5879.625,189.96875,0.46875,0.032,2,16,32,0
346.45454545454544,16.454545454545453,5.7272727272727275,4.2727272727272725,8.727272727272727,444,8504.454545454546,712.4545454545455,0.36363636363636365,0.011,2,17,11,0
499.5,17.916666666666668,8.666666666666666,4.75,9.333333333333334,522,13634.583333333334,2792.1666666666665,0.5833333333333334,0.012,2,19,12,0
174.28571428571428,11.571428571428571,1.7142857142857142,6.857142857142857,10.857142857142858,226,3936.1428571428573,303.57142857142856,0.2857142857142857,0.007,2,20,7,0
293.2,14.64,2.72,4.88,7.4,338.44,6221.52,563.16,0.4,0.025,2,21,25,0
304,13,2,6,6,281.5,6339.5,118,0,0.002,2,23,2,0
204.11111111111111,12.333333333333334,2.6666666666666665,3.6666666666666665,6.888888888888889,257.3333333333333,5396.888888888889,174.88888888888889,0.3333333333333333,0.009,2,25,9,0
203,13,2,4,5,246,2651,230,1,0.001,2,26,1,0
257.84375,12.6875,2.3125,5.09375,8.3125,258.40625,5285.40625,1119.125,0.5625,0.032,2,27,32,0
315,16,1,2,7,319,3323,261,0,0.001,2,28,1,0
254.41509433962264,13.981132075471699,2.547169811320755,3.6792452830188678,10.60377358490566,321.75471698113205,6183.018867924528,270.54716981132077,0.5471698113207547,0.053,2,29,53,0
151,7,1,4,2,135,1489,112,0,0.001,2,30,1,0
158.57142857142858,10.714285714285714,2.2857142857142856,4,4.285714285714286,213.28571428571428,5201.142857142857,148.14285714285714,0.2857142857142857,0.007,2,31,7,0
328.0625,14.375,2.25,3.53125,8.4375,341.84375,3962.125,1264.96875,0.53125,0.032,2,33,32,0
399.5,16.357142857142858,4.285714285714286,4.214285714285714,7.071428571428571,431.42857142857144,14392.07142857143,243.85714285714286,0.35714285714285715,0.014,2,34,14,0
287.57142857142856,14.821428571428571,1.8571428571428572,4,8.464285714285714,336.2142857142857,4340.678571428572,383.5357142857143,0.5,0.028,2,38,28,0
367.32,16.6,5.56,3.72,6,441.52,10741.68,617.24,0.36,0.025,2,39,25,0
213.48,10.9,1.36,4.82,8.82,216.22,4754,464.74,0.42,0.05,2,40,50,0
648,25,11,2,9,634,15012,4552,1,0.001,2,41,1,0
367.5,14,3,3,1.5,454,4963.5,427,0,0.002,2,43,2,0
569,23,8,1,5,623,9761,3139,1,0.001,2,44,1,0
338,19,5,1,7,407,8445,2381,1,0.001,2,45,1,0
455.5882352941176,17.11764705882353,7.470588235294118,2.588235294117647,6.176470588235294,528.5294117647059,11106.529411764706,1579.8823529411766,0.7647058823529411,0.017,2,46,17,0
446.42857142857144,18.428571428571427,3.142857142857143,4.428571428571429,8.285714285714286,446.2857142857143,10044.142857142857,2951.5714285714284,0.42857142857142855,0.007,2,48,7,0
353.6666666666667,13.833333333333334,2.8333333333333335,3.1666666666666665,5.5,372.3333333333333,6027.666666666667,1155.6666666666667,0.5,0.006,2,49,6,0
166.5,9.5,1,5.5,4.5,164.5,2265,281.5,0.5,0.002,2,50,2,0
309.55737704918033,14.065573770491802,4.245901639344262,4.262295081967213,8.573770491803279,330.3606557377049,7029.950819672131,1970.7704918032787,0.5573770491803278,0.061,2,52,61,0
446.6666666666667,16.5,3.066666666666667,4.4,8.733333333333333,448.6666666666667,8309.033333333333,1886.7333333333333,0.5333333333333333,0.03,2,53,30,0
318.8888888888889,14.62962962962963,2.5925925925925926,3.7777777777777777,9.074074074074074,366.037037037037,6348.962962962963,394.5925925925926,0.5925925925925926,0.027,2,55,27,0
378.6666666666667,18.666666666666668,7.666666666666667,4.666666666666667,3.3333333333333335,527.6666666666666,10241,1336,0.3333333333333333,0.003,2,56,3,0
255.44827586206895,13.10344827586207,3.7586206896551726,3.2413793103448274,6.620689655172414,295.86206896551727,5461.517241379311,713.4827586206897,0.4827586206896552,0.029,2,58,29,0
328.8333333333333,13.666666666666666,3.9166666666666665,3.0833333333333335,6.833333333333333,384.3333333333333,6329.166666666667,659.1666666666666,0.5,0.012,2,60,12,0
398.72727272727275,16.181818181818183,2.9545454545454546,4.2272727272727275,5.181818181818182,450.3181818181818,6101.090909090909,962.6363636363636,0.36363636363636365,0.022,2,61,22,0
323.05882352941177,13.588235294117647,4.235294117647059,3.176470588235294,5.529411764705882,341.11764705882354,5553.882352941177,473.7647058823529,0.5294117647058824,0.017,2,62,17,0
229,12.5,1.25,4,5.75,276.75,3925,29.5,0.25,0.004,2,65,4,0
247.95454545454547,12.136363636363637,2.3863636363636362,3.5681818181818183,7.045454545454546,262.1363636363636,3893.6136363636365,925.8636363636364,0.4318181818181818,0.044,2,66,44,0
189.875,11.625,1.75,3.875,7.875,222.125,4917.625,334,0.5,0.008,2,68,8,0
277,12,1,6,3,387,2394,75,0,0.001,2,71,1,0
417,19,2,6,8,474,5498,490,0,0.001,2,73,1,0
347.31481481481484,15.962962962962964,4.148148148148148,3.240740740740741,8.592592592592593,412.31481481481484,9611.166666666666,966.3148148148148,0.5,0.054,2,74,54,0
405,16,1,6,1,458,3468,0,0,0.001,2,76,1,0
419.77777777777777,17.11111111111111,4.222222222222222,3.7777777777777777,4.555555555555555,466.22222222222223,6305.222222222223,2733.222222222222,0.3333333333333333,0.009,2,77,9,0
322.47058823529414,15.294117647058824,4.470588235294118,3.176470588235294,8.352941176470589,391.3529411764706,7888.705882352941,529.5294117647059,0.5294117647058824,0.017,2,78,17,0
187.85,10.9,1.9,4.5,6.55,212,3407.75,363.05,0.4,0.02,2,79,20,0
452.4,15.857142857142858,4.2,2.5428571428571427,6.485714285714286,452.9428571428571,7612.314285714286,3080.6,0.5428571428571428,0.035,2,80,35,0
368.16,16.84,5.56,3.72,10.16,429.28,8129.28,1567.12,0.56,0.025,2,81,25,0
273.265306122449,13.83673469387755,3.204081632653061,3.6530612244897958,9.020408163265307,323.2857142857143,6742.918367346939,407.9387755102041,0.5918367346938775,0.049,2,86,49,0
187.2,14,1.2,4.8,13.2,249.8,4492.8,245.8,0.6,0.005,2,87,5,0
144,14,1,9,10,206,7689,131,0,0.001,2,88,1,0
455,17.0625,4.1875,2.75,6.625,435.1875,7698.5625,1386.75,0.3125,0.016,2,89,16,0
255.6,13.1,2.8,4.7,9.1,257,8195.6,244.4,0.5,0.01,2,90,10,0
234.33333333333334,16.22222222222222,3.3333333333333335,5.222222222222222,16.22222222222222,377.3333333333333,5994.333333333333,380.55555555555554,0.7777777777777778,0.009,2,91,9,0
235,13,5,3,17,304,8155,731,1,0.001,2,92,1,0
492.46666666666664,17.133333333333333,2.6666666666666665,2.8666666666666667,3.4,511.53333333333336,5580.4,1404.5333333333333,0.3333333333333333,0.018292682926829267,3,1,15,11
256,13,5,16,12,282,9174,0,0,0.0012195121951219512,3,2,1,0
203.1,12,1.8,3.3,7.65,241.35,3328.85,441.5,0.6,0.024390243902439025,3,3,20,14
390.3333333333333,16.333333333333332,4.666666666666667,4,7.333333333333333,380,5058,2263,0.6666666666666666,0.003658536585365854,3,6,3,0
163,10,0,2,4,170,2460,0,0,0.0012195121951219512,3,7,1,4
386.2083333333333,16.75,5.208333333333333,3.2083333333333335,6.166666666666667,435.25,7669.833333333333,1857.2083333333333,0.5416666666666666,0.02926829268292683,3,8,24,24
465,15,5.5,4,7.5,446,7611,755.5,0.5,0.0024390243902439024,3,9,2,3
513,25,13,5,11,564,18177,3931,1,0.0012195121951219512,3,10,1,1
604.75,19,6.25,1.75,8.75,615.75,10338.75,3290.5,0.75,0.004878048780487805,3,11,4,1
508.8333333333333,16.833333333333332,6.833333333333333,3,5,483.8333333333333,10826,2602.5,0.5,0.007317073170731708,3,12,6,9
372.6842105263158,15.894736842105264,4.368421052631579,3.9473684210526314,8.736842105263158,426.3157894736842,10323.947368421053,706.3157894736842,0.5789473684210527,0.023170731707317073,3,13,19,16
258,15,7,13,7,351,10574,20,0,0.0012195121951219512,3,14,1,0
371,15,4,3,4.5,396,8169,1811,0.5,0.0024390243902439024,3,15,2,1
215.5,12.125,2.875,5.75,8.875,242.25,4364.625,141.25,0.5,0.00975609756097561,3,16,8,5
390,17.4,5.6,3.8,7.4,441.6,8294.8,1390.8,0.6,0.006097560975609756,3,17,5,9
416.3333333333333,17,3.3333333333333335,1.3333333333333333,5,379.3333333333333,5880,2096.6666666666665,1,0.003658536585365854,3,18,3,4
825,23,18,0,9,797,19543,9870,1,0.0012195121951219512,3,19,1,1
226,10.5,1,3,6.5,235,2400,717.5,0.5,0.0024390243902439024,3,20,2,0
311.6,13.6,3.2,4.2,7,303.8,5456.4,617,0.6,0.006097560975609756,3,21,5,2
293,17,4,7,7,365,17590,77,0,0.0012195121951219512,3,22,1,0
359.5833333333333,16.666666666666668,4.5,4.416666666666667,8.833333333333334,388.0833333333333,10920.416666666666,540.75,0.4166666666666667,0.014634146341463415,3,23,12,6
220.53333333333333,12.066666666666666,2.7333333333333334,5.6,6.266666666666667,230.06666666666666,5373.2,296.93333333333334,0.4666666666666667,0.018292682926829267,3,25,15,7
433,15,9,2,7,476,4983,626,1,0.0012195121951219512,3,28,1,0
300,15.666666666666666,4.666666666666667,7.333333333333333,14,348.6666666666667,9510.333333333334,405.6666666666667,0.6666666666666666,0.003658536585365854,3,29,3,0
400.5,16,2.75,2,7.75,438.75,3587.25,1596,0.75,0.004878048780487805,3,33,4,3
394.25,15.25,3,3.5,6.25,362,14699.75,79.25,0.25,0.004878048780487805,3,34,4,7
420,16,15,6,18,389,23112,1944,1,0.0012195121951219512,3,35,1,0
344.6666666666667,13.666666666666666,2.1666666666666665,2.5,9.5,360.3333333333333,5063.666666666667,653.8333333333334,0.6666666666666666,0.007317073170731708,3,38,6,3
426.60869565217394,17.91304347826087,6.086956521739131,3.5217391304347827,5.739130434782608,479.30434782608694,10904.173913043478,1171.3478260869565,0.6086956521739131,0.02804878048780488,3,39,23,16
203,12,0,8,17,179,7588,59,0,0.0012195121951219512,3,40,1,1
366,19,5,7,29,537,16130,955,1,0.0012195121951219512,3,42,1,0
517,21,12,1,11,542,15961,2162,1,0.0012195121951219512,3,44,1,0
406.42857142857144,18.285714285714285,4.571428571428571,4.428571428571429,5.285714285714286,433.14285714285717,9096.714285714286,2129.5714285714284,0.14285714285714285,0.00853658536585366,3,46,7,7
595,21.5,7.625,2.625,11.75,542.625,16852.375,4868.875,0.75,0.00975609756097561,3,48,8,5
373,16.1875,2.75,3.5,9,408.8125,7133.625,1594,0.625,0.01951219512195122,3,49,16,13
122,9,0,5,0,127,235,31,0,0.0012195121951219512,3,50,1,0
247.84375,13.375,2.625,4.15625,9.90625,280.625,9098.1875,314.6875,0.5,0.03902439024390244,3,51,32,31
230.82608695652175,11.782608695652174,2.6956521739130435,4.130434782608695,7.913043478260869,225.82608695652175,4901.782608695652,1440.608695652174,0.5217391304347826,0.02804878048780488,3,52,23,22
457.3125,17,2.125,4.4375,7,465.25,8024.125,1945.25,0.3125,0.01951219512195122,3,53,16,18
437.3030303030303,16.060606060606062,4.96969696969697,2.696969696969697,7.515151515151516,432.57575757575756,7646.909090909091,1810.3939393939395,0.6060606060606061,0.04024390243902439,3,54,33,46
338.6829268292683,15.682926829268293,2.7804878048780486,3.4390243902439024,9.853658536585366,367.6341463414634,6349.90243902439,457.4390243902439,0.5853658536585366,0.05,3,55,41,30
618,22,10,0,0,837,16821,2746,1,0.0012195121951219512,3,56,1,0
207.66666666666666,12.666666666666666,0.6666666666666666,4.666666666666667,7.333333333333333,303.3333333333333,4131.333333333333,110,0.6666666666666666,0.003658536585365854,3,57,3,0
249.8,14.8,3.4,3.8,9.2,266.8,5030.8,1044.2,0.6,0.006097560975609756,3,58,5,7
318.42857142857144,16,5.571428571428571,3.7142857142857144,7.714285714285714,373.42857142857144,8205.42857142857,981.1428571428571,0.42857142857142855,0.00853658536585366,3,60,7,1
407.2631578947368,17.57894736842105,5.2105263157894735,3.1052631578947367,5.7368421052631575,459.42105263157896,9011.526315789473,1803.842105263158,0.42105263157894735,0.023170731707317073,3,63,19,19
188.7,11.3,1.5,4.6,8.4,208,4116.4,340.4,0.3,0.012195121951219513,3,64,10,12
313.3,15.75,3.05,4.1,9.55,368,6717.95,250.8,0.45,0.024390243902439025,3,65,20,60
226.66666666666666,11.666666666666666,1.3333333333333333,4,5.666666666666667,231.88888888888889,2869.222222222222,981.4444444444445,0.3333333333333333,0.01097560975609756,3,66,9,15
419.6666666666667,18.166666666666668,5,3.1666666666666665,12.166666666666666,470.5,12022.5,793.3333333333334,0.3333333333333333,0.007317073170731708,3,67,6,7
390.8,14.8,4.2,3.6,6.4,396.2,5945.4,986.8,0.4,0.006097560975609756,3,69,5,2
355.3333333333333,14.666666666666666,8,5,11.333333333333334,426.3333333333333,15177.333333333334,740.6666666666666,0.3333333333333333,0.003658536585365854,3,70,3,0
514.2926829268292,18.365853658536587,6.439024390243903,3.5365853658536586,7,481.8780487804878,12711.09756097561,2559.512195121951,0.43902439024390244,0.05,3,72,41,28
534.0714285714286,17.214285714285715,4.571428571428571,3.7142857142857144,6.357142857142857,455.14285714285717,8479.214285714286,2348.785714285714,0.35714285714285715,0.01707317073170732,3,73,14,12
145.14285714285714,10.428571428571429,1.5714285714285714,3.4285714285714284,4,187.57142857142858,4360.428571428572,307.2857142857143,0.2857142857142857,0.00853658536585366,3,75,7,7
437.5,16.5,6.5,2,3.25,508,7854.25,1161.5,0.5,0.004878048780487805,3,76,4,10
262,11,0,5,2,259,2873,0,0,0.0012195121951219512,3,77,1,0
314,15.5,2.5,4,4.5,340.5,5331,866.5,0.5,0.0024390243902439024,3,78,2,1
190.27906976744185,11.674418604651162,2.2790697674418605,4.069767441860465,7.953488372093023,214.46511627906978,3721.6279069767443,269.4418604651163,0.4186046511627907,0.0524390243902439,3,79,43,30
445.63157894736844,17,2.4210526315789473,2.5,6.973684210526316,455.42105263157896,5278.973684210527,5162.263157894737,0.5789473684210527,0.046341463414634146,3,80,38,32
309.5,16.833333333333332,5.166666666666667,7.833333333333333,9.166666666666666,371.1666666666667,8484.166666666666,1094.8333333333333,0.3333333333333333,0.007317073170731708,3,81,6,7
319,22,8,9,12,747,12823,17,0,0.0012195121951219512,3,82,1,0
214.2,12.6,0.9,2.5,2.8,252.5,1144,391.5,0.5,0.012195121951219513,3,83,10,8
171,10,2,7,8,198,3501,0,0,0.0012195121951219512,3,84,1,0
216.5,10.5,3,5.5,13.5,219.5,5657.5,401,0.5,0.0024390243902439024,3,85,2,1
202.94285714285715,12.228571428571428,2.2285714285714286,4.428571428571429,8.885714285714286,229.31428571428572,4438.771428571428,253.28571428571428,0.4857142857142857,0.042682926829268296,3,86,35,22
175,9.666666666666666,2.3333333333333335,7,6,181,3062.3333333333335,285.6666666666667,0.3333333333333333,0.003658536585365854,3,87,3,0
221.375,13.21875,2.4375,3.5625,9.21875,281.0625,5271.75,193.1875,0.59375,0.03902439024390244,3,88,32,32
354.5,16,3,5.5,7,361,7077,349,0,0.0024390243902439024,3,89,2,0
243.80769230769232,11.653846153846153,1.6538461538461537,3.269230769230769,6.1923076923076925,233.15384615384616,5400.038461538462,344.65384615384613,0.5,0.03170731707317073,3,90,26,32
214.0909090909091,15,4.2727272727272725,5.7272727272727275,11.272727272727273,296.8181818181818,5544.181818181818,500.3636363636364,0.5454545454545454,0.013414634146341463,3,91,11,58
244.40625,13.40625,5.28125,2.5,8.21875,275.03125,6399.5,894.0625,0.6875,0.03902439024390244,3,92,32,5
431.8333333333333,19.333333333333332,7.166666666666667,2.5,5.166666666666667,535.5,10842.5,1312,0.6666666666666666,0.007317073170731708,3,93,6,7
288.09375,14.84375,2.78125,3.875,6.65625,346.75,6273.78125,290.03125,0.34375,0.03902439024390244,3,97,32,29
165,9,0,8,3,176,3316,0,0,0.0012195121951219512,3,98,1,2
201.55555555555554,12.666666666666666,3.111111111111111,3.3333333333333335,6.111111111111111,229.88888888888889,5705.777777777777,206.33333333333334,0.3333333333333333,0.01097560975609756,3,101,9,10
681.75,23,8.75,3.25,8.5,525.5,12232,5055.75,0.75,0.003669724770642202,4,1,4,5
398.7142857142857,15,8.285714285714286,3.857142857142857,5.428571428571429,377.2857142857143,7326,382.2857142857143,0.42857142857142855,0.006422018348623854,4,2,7,13
231.8125,13.375,2.9375,5.375,9.6875,262.1875,4981.125,312.8125,0.5625,0.014678899082568808,4,3,16,10
416,12.666666666666666,6,4,3,438.6666666666667,5627,473,0.3333333333333333,0.0027522935779816515,4,4,3,4
310,10,1,0,12,311,3431,215,1,0.0009174311926605505,4,5,1,0
424.8,14,4.2,3.8,5.6,401.6,5806.6,2364,0.4,0.0045871559633027525,4,6,5,1
267,15.8,3.2,5.6,14.2,301.8,7610.8,152.6,0.6,0.0045871559633027525,4,7,5,3
468,18,8,8,17,547,12902,1457,1,0.0009174311926605505,4,8,1,0
403.1551724137931,15.586206896551724,4.810344827586207,3.396551724137931,8.448275862068966,398.63793103448273,8647.862068965518,1315.3275862068965,0.46551724137931033,0.05321100917431193,4,9,58,34
561.0526315789474,19.526315789473685,7.421052631578948,2.1052631578947367,5.157894736842105,527.3157894736842,11814.421052631578,3037,0.5789473684210527,0.01743119266055046,4,10,19,14
546.3636363636364,18.454545454545453,6.2727272727272725,6.2727272727272725,5.818181818181818,544.5454545454545,11598.454545454546,2111.3636363636365,0.36363636363636365,0.010091743119266056,4,11,11,5
516,16.666666666666668,2.3333333333333335,1.6666666666666667,6.666666666666667,459,7959.333333333333,1336.3333333333333,0.6666666666666666,0.0027522935779816515,4,12,3,1
381.90909090909093,16.318181818181817,5.909090909090909,3.5,9.818181818181818,438.04545454545456,10546.227272727272,431,0.5454545454545454,0.02018348623853211,4,13,22,13
264.6,11.4,4,7.2,7.2,302.6,7638.6,30.2,0.2,0.0045871559633027525,4,14,5,1
425.8333333333333,16.25,4.833333333333333,4.333333333333333,7.75,427.3333333333333,10511.166666666666,1563.5,0.5,0.011009174311926606,4,15,12,20
298.32,14.92,2.96,4.4,11,339.4,6257.2,164.24,0.56,0.022935779816513763,4,16,25,18
410.5,14.25,6,3.5,7.5,404.5,9517.5,1346.75,0.5,0.003669724770642202,4,17,4,5
600.8333333333334,16.833333333333332,6.666666666666667,3.3333333333333335,7.833333333333333,490.3333333333333,13211.333333333334,5053.666666666667,0.5,0.005504587155963303,4,19,6,4
234.35714285714286,12,1.6428571428571428,5.142857142857143,10.428571428571429,253.42857142857142,3837.8571428571427,381.5,0.5,0.012844036697247707,4,20,14,1
385,13.8,3.5,3.9,5.3,367.3,5612.1,1026.8,0.3,0.009174311926605505,4,21,10,0
423,16,5,3,23,530,17004,286,1,0.0009174311926605505,4,22,1,1
295,14,1,7,4,270,5517,10,0,0.0009174311926605505,4,23,1,0
309.25,12.5,4.75,3.75,7,312.25,6876,415,0.5,0.003669724770642202,4,25,4,0
298,11,2,1.5,10,294,4498,232,1,0.001834862385321101,4,26,2,1
245.64285714285714,11.642857142857142,2.0714285714285716,6.928571428571429,7.285714285714286,225.78571428571428,4887.357142857143,1371.357142857143,0.2857142857142857,0.012844036697247707,4,27,14,4
335,16,3,4,10,360,6292,381,0,0.0009174311926605505,4,28,1,1
339,14.375,2.875,3.75,8.5625,348.0625,7024.5,252.8125,0.375,0.014678899082568808,4,29,16,19
231.66666666666666,11.5,2.5833333333333335,4.5,8.166666666666666,219.08333333333334,4718.666666666667,362.4166666666667,0.4166666666666667,0.011009174311926606,4,30,12,7
247.23529411764707,13.647058823529411,2.9411764705882355,4.176470588235294,7.9411764705882355,308.1764705882353,5839.235294117647,245.23529411764707,0.5882352941176471,0.015596330275229359,4,31,17,8
380.22222222222223,15,3.5555555555555554,4.666666666666667,11.11111111111111,373.44444444444446,7048.444444444444,1361.4444444444443,0.5555555555555556,0.008256880733944955,4,33,9,7
413,16.666666666666668,5,9,7.333333333333333,345.3333333333333,20546.666666666668,112,0.3333333333333333,0.0027522935779816515,4,34,3,3
536,18,15,6,14,523,15793,3056,1,0.0009174311926605505,4,35,1,2
394.5,16.5,1.5,4,11,386.5,6104,1289,1,0.001834862385321101,4,38,2,1
459.25,18.5,4.5,4.75,5.5,481.5,12305.25,1296.75,0.25,0.003669724770642202,4,39,4,0
456.8,15,2.8,4.6,12.8,422.6,12833.6,2110.8,0.8,0.0045871559633027525,4,40,5,2
406.5,17.25,4,5.75,8.5,470.75,6093.5,237.25,0.25,0.003669724770642202,4,41,4,1
362.53846153846155,15.153846153846153,2.923076923076923,5.038461538461538,8.692307692307692,380.03846153846155,5609.653846153846,725.3461538461538,0.46153846153846156,0.023853211009174313,4,42,26,19
476.3333333333333,16,5.666666666666667,3.3333333333333335,4.666666666666667,521,7678,457,0.3333333333333333,0.0027522935779816515,4,44,3,3
436.6,11.4,1.8,2.4,6.4,303.4,6863.6,2918.4,0.6,0.0045871559633027525,4,45,5,8
446.77777777777777,16.88888888888889,4.777777777777778,4.666666666666667,4.333333333333333,469.6666666666667,7554.111111111111,1388.888888888889,0.3333333333333333,0.008256880733944955,4,46,9,18
421.44444444444446,16.055555555555557,5.833333333333333,4.222222222222222,9.5,419.3333333333333,11233.222222222223,1534.8333333333333,0.5,0.01651376146788991,4,47,18,22
598.8333333333334,18.666666666666668,6,3.8333333333333335,7.833333333333333,486,12833.333333333334,4648.5,0.8333333333333334,0.005504587155963303,4,48,6,6
417.04761904761904,17.095238095238095,4.0476190476190474,3.6666666666666665,8.523809523809524,410.42857142857144,8451.285714285714,2558.095238095238,0.5238095238095238,0.01926605504587156,4,49,21,15
215.52173913043478,10.478260869565217,1.1304347826086956,3.9565217391304346,5,207.7391304347826,2910.086956521739,288.69565217391306,0.34782608695652173,0.02110091743119266,4,50,23,14
341.54545454545456,16.363636363636363,5.181818181818182,5.2727272727272725,11.818181818181818,360.1818181818182,11834.272727272728,562.9090909090909,0.6363636363636364,0.010091743119266056,4,51,11,6
269.5,12.25,2,5.25,8,279.25,7055,589.5,0.25,0.003669724770642202,4,52,4,1
550.7,17.533333333333335,4.8,3.3666666666666667,9.9,496.06666666666666,9959.366666666667,2706.633333333333,0.6333333333333333,0.027522935779816515,4,53,30,10
406.1818181818182,16.454545454545453,4.545454545454546,3.1818181818181817,5.7272727272727275,417.45454545454544,6981.363636363636,1596.6363636363637,0.45454545454545453,0.010091743119266056,4,54,11,9
360.2,14.52,2.44,4.24,6.68,360.12,6612.84,232.92,0.2,0.022935779816513763,4,55,25,38
292,12.4,3.7333333333333334,3.8,7.4,265.8,5278,932.6666666666666,0.6,0.013761467889908258,4,58,15,19
448,15.75,6.5,6,7,411.25,10684.5,2251.25,0.5,0.003669724770642202,4,59,4,3
354,15,5.5,2.75,9.75,348.75,8714.75,563.75,0.5,0.003669724770642202,4,60,4,3
365,12.666666666666666,4.333333333333333,5,7,344.6666666666667,5871.666666666667,161,0.3333333333333333,0.0027522935779816515,4,62,3,1
521.0384615384615,18.23076923076923,6.1923076923076925,2.8076923076923075,7.884615384615385,524.2692307692307,10593.538461538461,3013.5384615384614,0.6923076923076923,0.023853211009174313,4,63,26,15
292,13.4,3,5.4,8,311,6849.2,1342.8,0.2,0.0045871559633027525,4,64,5,0
394.6666666666667,17.166666666666668,5.611111111111111,2.5555555555555554,11.5,445.6111111111111,9195.222222222223,302.6666666666667,0.7777777777777778,0.01651376146788991,4,65,18,88
340.5,13.166666666666666,2.6666666666666665,3.1666666666666665,6.333333333333333,285.5,3200.8333333333335,1413.1666666666667,0.5,0.005504587155963303,4,66,6,7
549,23.5,7,6,14,642.5,20283.5,487,0.5,0.001834862385321101,4,67,2,1
240.53658536585365,12.853658536585366,3.024390243902439,4.365853658536586,9.414634146341463,249.34146341463415,5975.90243902439,245.82926829268294,0.5365853658536586,0.03761467889908257,4,68,41,46
477,15.5625,4,3,8.40625,435.34375,7470.9375,981.71875,0.5625,0.029357798165137616,4,69,32,40
540.1666666666666,17.583333333333332,8.166666666666666,4.166666666666667,7.75,479.6666666666667,14261.333333333334,2583.6666666666665,0.5,0.011009174311926606,4,72,12,11
302,11,0,5,4,303,5612,0,0,0.0009174311926605505,4,73,1,0
468.4468085106383,16.425531914893618,5.148936170212766,3.8297872340425534,7.553191489361702,463.1276595744681,10160.255319148937,1969.2978723404256,0.44680851063829785,0.043119266055045874,4,74,47,50
242.66666666666666,14,4,7,5.333333333333333,272.6666666666667,8749,285,0.3333333333333333,0.0027522935779816515,4,75,3,0
501.375,17.125,6.1875,3.75,5.875,502.9375,8820.8125,838.3125,0.5,0.014678899082568808,4,76,16,20
565.7857142857143,17.928571428571427,4.5,2.0714285714285716,5.642857142857143,497.2142857142857,7866.071428571428,5423.714285714285,0.7142857142857143,0.012844036697247707,4,77,14,82
382.94871794871796,16.28205128205128,4.794871794871795,3,8.102564102564102,415.56410256410254,8070.051282051282,524.8205128205128,0.41025641025641024,0.03577981651376147,4,78,39,37
218.5909090909091,11.090909090909092,3.272727272727273,5.5,7.318181818181818,214.9090909090909,5475.681818181818,193.63636363636363,0.2727272727272727,0.02018348623853211,4,79,22,25
517,19,2.75,2.75,7.5,461.75,10731.5,2293.25,0.25,0.003669724770642202,4,80,4,6
361,14,4,6,2,390,4711,111,0,0.0009174311926605505,4,81,1,1
229.92857142857142,12.464285714285714,1.625,4.303571428571429,6.071428571428571,252.75,2532.375,260.5357142857143,0.5714285714285714,0.05137614678899083,4,83,56,36
206,9,3,2,4,229,4951,0,1,0.0009174311926605505,4,84,1,1
316.5,16.5,3.5,7.5,14.5,397.5,6990,428,0.5,0.001834862385321101,4,85,2,0
260.9,12.775,2.8,4.475,9.925,273.1,5337.75,369.95,0.55,0.03669724770642202,4,86,40,26
232.25,13.4,2.7,5.4,11.75,252.95,5154.75,265.9,0.5,0.01834862385321101,4,87,20,13
247.2,12.6,2.2,4.6,6,272,6095.8,150,0.4,0.009174311926605505,4,88,10,12
443.5,14.5,3.25,3.25,2.25,325,11428.5,1828.5,0.25,0.003669724770642202,4,89,4,19
284.57142857142856,12.714285714285714,0.5714285714285714,3.7142857142857144,4.571428571428571,269,4526.428571428572,113.14285714285714,0.42857142857142855,0.006422018348623854,4,90,7,2
231.13333333333333,14.2,2.066666666666667,7.6,10.4,298.73333333333335,4865.333333333333,219.93333333333334,0.3333333333333333,0.013761467889908258,4,91,15,53
301,11.666666666666666,6.333333333333333,2,6.166666666666667,247,6387.833333333333,1043.3333333333333,0.8333333333333334,0.005504587155963303,4,92,6,7
449.6363636363636,17.181818181818183,6.454545454545454,3.272727272727273,6,504.3636363636364,9554.363636363636,865.4545454545455,0.5454545454545454,0.010091743119266056,4,93,11,10
538,19.25,5,3,10,562.5,9165.25,2722,1,0.003669724770642202,4,95,4,3
367.81632653061223,16.20408163265306,3.816326530612245,3.8979591836734695,9.326530612244898,409.7755102040816,7285.122448979592,545.0816326530612,0.5918367346938775,0.044954128440366975,4,96,49,19
296,16,0,5,6,318,6167,127,0,0.0009174311926605505,4,97,1,1
390.46153846153845,15.846153846153847,4.615384615384615,4.846153846153846,5.6923076923076925,395.2307692307692,9383.076923076924,344.7692307692308,0.38461538461538464,0.011926605504587157,4,98,13,3
436.6666666666667,17.666666666666668,6.666666666666667,5,9.333333333333334,473.3333333333333,14068.666666666666,677.3333333333334,0.3333333333333333,0.0027522935779816515,4,99,3,1
299,15,4,8,6,362,5351,0,0,0.0009174311926605505,4,100,1,0
254.25,12.25,3.75,5,12.25,277.75,8200.25,230,0.5,0.003669724770642202,4,101,4,1
255.8,13.8,1.6,3.8,9.6,317.2,3134.2,494.6,0.8,0.0045871559633027525,4,102,5,8
301,21,2,5,20,338,13233,162,0,0.0009174311926605505,4,103,1,1
499.6666666666667,20.666666666666668,7.333333333333333,3.6666666666666665,8.666666666666666,580.3333333333334,13875,1154.6666666666667,0.3333333333333333,0.0027522935779816515,4,106,3,7
678.5555555555555,22.74074074074074,7.111111111111111,3.4444444444444446,4.962962962962963,651.7777777777778,10962.925925925925,4472.518518518518,0.48148148148148145,0.013917525773195877,5,1,27,42
379.7142857142857,17.285714285714285,6.428571428571429,4.142857142857143,4.428571428571429,399.57142857142856,6920.142857142857,129.42857142857142,0.42857142857142855,0.0036082474226804126,5,2,7,4
235.71428571428572,13.321428571428571,3.0357142857142856,6.785714285714286,8.178571428571429,248.32142857142858,4810.071428571428,256.7142857142857,0.35714285714285715,0.01443298969072165,5,3,28,15
492.79487179487177,18.692307692307693,6.076923076923077,4.743589743589744,6.948717948717949,485.56410256410254,10063.74358974359,1317.6923076923076,0.358974358974359,0.020103092783505156,5,4,39,64
293.8965517241379,15.172413793103448,3.310344827586207,5.517241379310345,12.172413793103448,320.37931034482756,6325.310344827586,292.6896551724138,0.6206896551724138,0.014948453608247423,5,5,29,5
384,14.5,3,6.25,4,361,6009,1735,0.25,0.002061855670103093,5,6,4,7
272.1162790697674,14.186046511627907,2.5232558139534884,4.174418604651163,11.86046511627907,293.3488372093023,6159.325581395349,160.8953488372093,0.4883720930232558,0.0443298969072165,5,7,86,50
524.2857142857143,18.428571428571427,8.428571428571429,4.428571428571429,6.857142857142857,532.8571428571429,11632.142857142857,2352.8571428571427,0.42857142857142855,0.0036082474226804126,5,8,7,7
661,22,13,2,5,671,16313,8376,1,0.0005154639175257732,5,10,1,0
561.4310344827586,20.17241379310345,6.793103448275862,4.637931034482759,7.620689655172414,536.9137931034483,13123.51724137931,2878.6206896551726,0.39655172413793105,0.029896907216494847,5,11,58,93
521.5454545454545,19.545454545454547,5.424242424242424,2.4545454545454546,6.545454545454546,541.1515151515151,9631.969696969696,2383.030303030303,0.5757575757575758,0.017010309278350514,5,12,33,55
442.6,20.8,5.5,3.7,13.5,507.2,12582.8,720.7,0.6,0.005154639175257732,5,13,10,6
332,18,6,6,7,360,7607,156,0,0.0005154639175257732,5,14,1,1
450.225,18.525,5.4,4.65,8.55,472.025,12057.7,1545.225,0.375,0.020618556701030927,5,15,40,35
350.42857142857144,17.714285714285715,3.4285714285714284,4.571428571428571,13,409.42857142857144,7147.5,204.42857142857142,0.6428571428571429,0.007216494845360825,5,16,14,7
501.2909090909091,20.363636363636363,7.745454545454545,4.236363636363636,9.981818181818182,561.1454545454545,13097,1287.9454545454546,0.5818181818181818,0.028350515463917526,5,17,55,48
421.14285714285717,16.142857142857142,5.142857142857143,4.714285714285714,6.428571428571429,414,6931.571428571428,1688,0.42857142857142855,0.0036082474226804126,5,18,7,1
517.6,18.3,6.4,4.2,8.9,477.2,13966.7,3385.2,0.4,0.005154639175257732,5,19,10,3
235,12.333333333333334,0.3333333333333333,7,8.333333333333334,229.33333333333334,2498.6666666666665,314.3333333333333,0.6666666666666666,0.0015463917525773195,5,20,3,2
481.2857142857143,18.714285714285715,7.857142857142857,4.142857142857143,5.714285714285714,486.57142857142856,12433,2858.1428571428573,0.42857142857142855,0.0036082474226804126,5,21,7,1
389.72727272727275,18.09090909090909,4.636363636363637,5.7272727272727275,9.272727272727273,429.6363636363636,19606.636363636364,224.72727272727272,0.2727272727272727,0.005670103092783505,5,22,11,2
420.71,18.05,6.4,5.34,7.73,439.54,10876.48,1105.52,0.54,0.05154639175257732,5,25,100,48
245.07407407407408,13.518518518518519,2.962962962962963,6.333333333333333,7.888888888888889,254.92592592592592,4705,139.37037037037038,0.3333333333333333,0.013917525773195877,5,26,27,11
270.75,13.125,2.375,6.875,6.875,254.5,4337.5,1369.625,0.25,0.004123711340206186,5,27,8,0
461.42857142857144,18.428571428571427,6.285714285714286,3.4285714285714284,8,492.57142857142856,8673.857142857143,1070.7142857142858,0.42857142857142855,0.0036082474226804126,5,28,7,2
284.2,14.2,2,4.8,10,312.4,5603.6,101,0.2,0.002577319587628866,5,29,5,4
252.5952380952381,13,2.857142857142857,4.880952380952381,9.80952380952381,259.6190476190476,5486.928571428572,270.14285714285717,0.47619047619047616,0.021649484536082474,5,30,42,19
334.5,15.5,4,1.5,7.5,413.5,5257.5,211,1,0.0010309278350515464,5,31,2,0
402,18.25,4.125,4.125,15.25,418.375,7955.25,1564.25,0.75,0.004123711340206186,5,33,8,5
488,18.5,5.5,6,7,434.5,26731.5,6,0,0.0010309278350515464,5,34,2,0
436,14.5,7,3,6,424,9902.5,1564.5,0.5,0.0010309278350515464,5,35,2,0
493,17,8,5,4,474,13723,980,0,0.0005154639175257732,5,37,1,1
423.6666666666667,15.777777777777779,4.222222222222222,3,10.11111111111111,397.3333333333333,7223,1526.3333333333333,0.8888888888888888,0.004639175257731959,5,38,9,12
468.96363636363634,18.727272727272727,7.663636363636364,3.6636363636363636,8.681818181818182,505.6,14039.881818181819,1290.2545454545455,0.45454545454545453,0.05670103092783505,5,39,110,68
448,18.5,4.5,5,9.5,463.5,15189.5,448.5,0.5,0.0010309278350515464,5,40,2,0
488.6,20.8,7.2,3.8,10.6,493,12259.2,2227.4,0.6,0.002577319587628866,5,42,5,2
486,16.666666666666668,6.333333333333333,4.333333333333333,7.666666666666667,487.6666666666667,10180,834,0.3333333333333333,0.0015463917525773195,5,44,3,0
316.4166666666667,14.916666666666666,2.6666666666666665,7,9.833333333333334,318.5,9097.833333333334,2266.5,0.4166666666666667,0.006185567010309278,5,45,12,9
583.44,20.68,8.4,4,7.08,617.52,13211.68,3300.44,0.72,0.01288659793814433,5,46,25,28
469.70588235294116,18.352941176470587,5.529411764705882,5.235294117647059,6.647058823529412,487.4117647058824,10328.823529411764,1916.4705882352941,0.47058823529411764,0.008762886597938144,5,47,17,40
565.3333333333334,20,4.888888888888889,3.3333333333333335,9.666666666666666,557.6666666666666,10226.111111111111,3080.1111111111113,0.6666666666666666,0.004639175257731959,5,48,9,5
454.875,18.375,4.833333333333333,4.583333333333333,10.291666666666666,473.6666666666667,10132,2993.875,0.5833333333333334,0.012371134020618556,5,49,24,23
242.22222222222223,13.4,1.3222222222222222,4.788888888888889,6.022222222222222,255.0888888888889,2601.1666666666665,262.3222222222222,0.45555555555555555,0.04639175257731959,5,50,90,61
295.77777777777777,14.73015873015873,3.2698412698412698,5.984126984126984,11.80952380952381,295.77777777777777,10474.396825396825,190.015873015873,0.47619047619047616,0.032474226804123714,5,51,63,42
517.7,20.7,7.466666666666667,4.8,10.333333333333334,548.8333333333334,13545.966666666667,2185.233333333333,0.6,0.015463917525773196,5,52,30,164
426,18,4.333333333333333,7.666666666666667,13.333333333333334,414.6666666666667,11079,2343,0.3333333333333333,0.0015463917525773195,5,53,3,3
560,19,6,4,7,501,9086,5041,1,0.0005154639175257732,5,54,1,1
381.26785714285717,16.339285714285715,2.9642857142857144,3.9107142857142856,9.946428571428571,382.10714285714283,7358.357142857143,279.7857142857143,0.5178571428571429,0.0288659793814433,5,55,56,58
445.53333333333336,17.266666666666666,5.2,4.333333333333333,4.4,481.8666666666667,9842.4,3012.6666666666665,0.4666666666666667,0.007731958762886598,5,56,15,6
298.6666666666667,14.833333333333334,1.1666666666666667,3.6666666666666665,3.5,333.8333333333333,3219.5,306.6666666666667,0.6666666666666666,0.003092783505154639,5,57,6,2
326.5,14.5,2.25,3.75,5,342.5,5457.25,673.75,0.5,0.002061855670103093,5,58,4,1
494,22,7,7,6,526,18103,1682,0,0.0005154639175257732,5,59,1,3
324.5,14.833333333333334,2.6666666666666665,4.833333333333333,8.5,339.1666666666667,4723.166666666667,483.8333333333333,0.5,0.003092783505154639,5,60,6,2
482.70588235294116,18.470588235294116,5,3.588235294117647,5.470588235294118,517.1176470588235,8430.29411764706,2085.3529411764707,0.5882352941176471,0.008762886597938144,5,61,17,78
313.9056603773585,13.622641509433961,2.69811320754717,5.528301886792453,7.886792452830188,271.0377358490566,4831.452830188679,117.77358490566037,0.6792452830188679,0.02731958762886598,5,62,53,95
535.25,21,12,4,10,534.25,18616,3665.75,0.75,0.002061855670103093,5,63,4,1
187,10,1,4,3,154,3481,1341,0,0.0005154639175257732,5,64,1,0
324,23,3,4,18,406,7906,150,0,0.0005154639175257732,5,65,1,1
291,12.714285714285714,2.4285714285714284,4.285714285714286,6.857142857142857,243.85714285714286,4201.857142857143,1199,0.5714285714285714,0.0036082474226804126,5,66,7,3
631,25,16,8,25,473,29206,4086,1,0.0005154639175257732,5,67,1,1
300.1666666666667,14.75,3.8333333333333335,3.25,9.333333333333334,306.0833333333333,5649.916666666667,241.33333333333334,0.5,0.006185567010309278,5,68,12,20
317.5,13,0.5,7,4.5,343,4844,54.5,0,0.0010309278350515464,5,70,2,1
299.3333333333333,14.435897435897436,3.4871794871794872,5.512820512820513,9.794871794871796,326.1025641025641,5838.461538461538,354.3333333333333,0.5128205128205128,0.020103092783505156,5,71,39,38
562.3853211009174,20.01834862385321,7.807339449541284,3.853211009174312,9.614678899082568,531.9633027522935,15344.165137614678,2937.6330275229357,0.5963302752293578,0.05618556701030928,5,72,109,80
380.2,15.4,2.8,5.8,5.8,374,8566.6,726.4,0,0.002577319587628866,5,74,5,0
365.27272727272725,16.545454545454547,5.545454545454546,3.727272727272727,6.7272727272727275,380.27272727272725,8049.181818181818,913.2727272727273,0.6363636363636364,0.005670103092783505,5,75,11,16
529.6,20.8,5.8,2.2,7,524.6,10033,4778,0.4,0.002577319587628866,5,77,5,1
412.5,17,4,2.5,6.5,406.5,7719.5,837.5,0.5,0.0010309278350515464,5,78,2,0
249.21428571428572,13.357142857142858,2.857142857142857,5.571428571428571,8.857142857142858,251.71428571428572,4703.714285714285,200.64285714285714,0.42857142857142855,0.007216494845360825,5,79,14,13
461,18,7,4,14.5,452,15194.5,3758.5,0.5,0.0010309278350515464,5,81,2,2
211.77777777777777,11.777777777777779,0.6666666666666666,3.4444444444444446,4.222222222222222,220.22222222222223,996.6666666666666,92.44444444444444,0.4444444444444444,0.004639175257731959,5,83,9,2
239,19,4,9,16,323,5340,134,0,0.0005154639175257732,5,84,1,0
282.44897959183675,14.428571428571429,3.2244897959183674,4.877551020408164,12.83673469387755,304.734693877551,5345.081632653061,273.40816326530614,0.5102040816326531,0.025257731958762887,5,85,49,97
260.2641509433962,14.830188679245284,2.509433962264151,4.716981132075472,9.49056603773585,291.8867924528302,4923.66037735849,218.66037735849056,0.49056603773584906,0.02731958762886598,5,86,53,36
254.55172413793105,13.96551724137931,2.896551724137931,6.068965517241379,11.068965517241379,271.7241379310345,5035.9655172413795,154.6551724137931,0.5172413793103449,0.014948453608247423,5,87,29,25
258.3333333333333,17.333333333333332,1.6666666666666667,7.333333333333333,9.666666666666666,340,5201.333333333333,103.66666666666667,0.3333333333333333,0.0015463917525773195,5,88,3,4
329.7906976744186,14.930232558139535,1.302325581395349,3.8372093023255816,8,300.13953488372096,4891.790697674419,459.25581395348837,0.5581395348837209,0.02216494845360825,5,89,43,95
306.1666666666667,13.333333333333334,0.5,5.5,4.333333333333333,253,5632.5,163.33333333333334,0.3333333333333333,0.003092783505154639,5,90,6,12
246.2,13.866666666666667,2.066666666666667,6.3,9.6,277.93333333333334,4010.633333333333,274.73333333333335,0.5,0.015463917525773196,5,91,30,43
314.8125,14.6875,4.75,4.6875,9,305.5,6829.625,889.5625,0.625,0.008247422680412371,5,92,16,6
518.75,21.25,5.25,5.75,7.5,579.75,10634.75,1516,0.25,0.002061855670103093,5,93,4,1
418,15,3,5,4,414,3552,32,0,0.0005154639175257732,5,94,1,0
338.1666666666667,14.5,2,3.8333333333333335,5.166666666666667,383.5,4927.5,231.33333333333334,0.3333333333333333,0.003092783505154639,5,96,6,3
296.57142857142856,15.714285714285714,2.4285714285714284,4.428571428571429,6.571428571428571,328.7142857142857,5392.857142857143,70.71428571428571,0.42857142857142855,0.0036082474226804126,5,97,7,4
472.5,21.5,9.5,7,6,555.5,15111,365,0.5,0.0010309278350515464,5,98,2,0
496,18.833333333333332,5.833333333333333,3.8333333333333335,8.166666666666666,488.0833333333333,12304.916666666666,3731.5833333333335,0.6666666666666666,0.006185567010309278,5,99,12,8
300.1098901098901,15.582417582417582,3.4395604395604398,5.637362637362638,11.703296703296703,333.05494505494505,8069.0329670329675,230.52747252747253,0.5274725274725275,0.04690721649484536,5,100,91,66
242.21428571428572,14,3.5,4.428571428571429,6.142857142857143,258.7142857142857,5719,230.42857142857142,0.2857142857142857,0.007216494845360825,5,101,14,6
267,14,2,8,5,328,4832,0,0,0.0005154639175257732,5,102,1,0
317,13,1.5,5.75,5.5,318.75,5362,364.75,0,0.002061855670103093,5,104,4,3
365.75,15.125,5.25,8.375,5.5,326.5,9724.25,1584.875,0.875,0.004123711340206186,5,105,8,27
519.6969696969697,20.515151515151516,7.606060606060606,4.03030303030303,8.909090909090908,534.6060606060606,15381.484848484848,1432.909090909091,0.45454545454545453,0.017010309278350514,5,106,33,30
324.25,19,3.5,4.125,16,399.375,12022.625,228.75,0.375,0.004123711340206186,5,110,8,2
272.3018867924528,14.660377358490566,2.5283018867924527,5.018867924528302,8.660377358490566,289.8679245283019,5549.584905660377,119.81132075471699,0.41509433962264153,0.02731958762886598,5,112,53,50
